Workbook

Sheet สรุปผล
A1: รายงานผล Performance Test — SystemBOQ
A2: สร้างเมื่อ 23/10/2569 16:51 · ทดสอบบนเครื่องพัฒนาด้วย k6 · รายละเอียดวิธีทดสอบอยู่ที่แผ่นงาน 'วิธีทดสอบและเกณฑ์'
A4: รูปแบบ | B4: ผู้ใช้พร้อมกันสูงสุด | C4: ระยะเวลา (วินาที) | D4: จำนวนคำขอ | E4: ไม่สำเร็จ | F4: อัตรา error | G4: คำขอ/วินาที | H4: p95 ทั้งหมด (ms) | I4: ช้าสุด (ms) | J4: เส้นที่ไม่ผ่าน | K4: ผล
A5: Smoke test — ตรวจว่าทุกเส้นทำงาน | B5: 2 | C5: 34 | D5: =SUM('ผลรายเส้น API'!D5:D19) -> 148 | E5: =SUM('ผลรายเส้น API'!E5:E19) -> 0 | F5: =IF(D5=0,0,E5/D5) -> 0 | G5: =D5/C5 -> 4.3529412 | H5: 58.215458 | I5: 99.697487 | J5: =COUNTIF('ผลรายเส้น API'!M5:M19,"ไม่ผ่าน") -> 0 | K5: =IF(J5=0,"ผ่าน","ไม่ผ่าน") -> ผ่าน
A6: Load test — ใช้งานปกติต่อเนื่อง | B6: 40 | C6: 273 | D6: =SUM('ผลรายเส้น API'!D20:D34) -> 20373 | E6: =SUM('ผลรายเส้น API'!E20:E34) -> 0 | F6: =IF(D6=0,0,E6/D6) -> 0 | G6: =D6/C6 -> 74.626374 | H6: 52.908718 | I6: 198.09479 | J6: =COUNTIF('ผลรายเส้น API'!M20:M34,"ไม่ผ่าน") -> 0 | K6: =IF(J6=0,"ผ่าน","ไม่ผ่าน") -> ผ่าน
A7: Stress test — เพิ่มผู้ใช้จนเห็นขีดจำกัด | B7: 300 | C7: 273 | D7: =SUM('ผลรายเส้น API'!D35:D49) -> 48331 | E7: =SUM('ผลรายเส้น API'!E35:E49) -> 0 | F7: =IF(D7=0,0,E7/D7) -> 0 | G7: =D7/C7 -> 177.03663 | H7: 906.77195 | I7: 2097.0434 | J7: =COUNTIF('ผลรายเส้น API'!M35:M49,"ไม่ผ่าน") -> 6 | K7: =IF(J7=0,"ผ่าน","ไม่ผ่าน") -> ไม่ผ่าน
A8: Spike test — ผู้ใช้พุ่งขึ้นกะทันหัน | B8: 300 | C8: 134 | D8: =SUM('ผลรายเส้น API'!D50:D64) -> 16027 | E8: =SUM('ผลรายเส้น API'!E50:E64) -> 0 | F8: =IF(D8=0,0,E8/D8) -> 0 | G8: =D8/C8 -> 119.60448 | H8: 1521.3348 | I8: 2140.9382 | J8: =COUNTIF('ผลรายเส้น API'!M50:M64,"ไม่ผ่าน") -> 10 | K8: =IF(J8=0,"ผ่าน","ไม่ผ่าน") -> ไม่ผ่าน
A9: PDF test — สร้าง PDF ใบเสนอราคาพร้อมกัน | B9: 5 | C9: 203 | D9: =SUM('ผลรายเส้น API'!D65:D65) -> 216 | E9: =SUM('ผลรายเส้น API'!E65:E65) -> 0 | F9: =IF(D9=0,0,E9/D9) -> 0 | G9: =D9/C9 -> 1.0640394 | H9: 2155.2895 | I9: 2812.7262 | J9: =COUNTIF('ผลรายเส้น API'!M65:M65,"ไม่ผ่าน") -> 0 | K9: =IF(J9=0,"ผ่าน","ไม่ผ่าน") -> ผ่าน
A10: รวม | D10: =SUM(D5:D9) -> 85095 | E10: =SUM(E5:E9) -> 0 | F10: =IF(D10=0,0,E10/D10) -> 0
A12: สรุปสั้น
A13: • ใช้งานปกติ (40 คนพร้อมกัน) เร็วมาก: p95 53 ms · ไม่มี error สักคำขอจาก 20,374 คำขอ — ผ่านทุกเส้น
A14: • ระบบรับได้สูงสุดราว 246 คำขอ/วินาที — เกิน ~150 คนพร้อมกัน เวลาตอบเริ่มเพิ่ม (300 คน p95 ≈ 1.5 วินาที) แต่ไม่มี error แม้แต่คำขอเดียว
A15: • หน้าเว็บลูกค้า (แบบบ้าน ผลงาน ค่าตั้งเว็บ) ยังผ่านเกณฑ์แม้ช่วง 300 คน: p95 541–605 ms — ที่ไม่ผ่านเป็นเส้นของพนักงานล้วน
A16: • คอขวดอยู่ที่ API (Node 1 โปรเซส) ไม่ใช่ฐานข้อมูล — ฐานข้อมูลใช้ CPU ไม่ถึงหนึ่งในสี่คอร์ เส้นที่ส่งข้อมูลก้อนใหญ่ (BOQ / รายละเอียดโครงการ ~50 KB) ช้าที่สุด
A17: • ผู้ใช้พุ่งกะทันหัน (spike) ระบบไม่ล่ม และกลับมาเร็วทันที (p95 49 ms) หลังคนลดลง
A18: • สร้าง PDF ใบเสนอราคาใบละ ~1.7–2.2 วินาที คงที่ตั้งแต่ 1–5 คนพร้อมกัน (ใบแรกหลังเปิดเซิร์ฟเวอร์ 12 วินาที เพราะต้องเปิด Chromium)
A19: • stress / spike 'ไม่ผ่าน' เกณฑ์ 800 ms ที่ระดับ 300 คน = ตั้งใจดันเกินการใช้งานจริงเพื่อหาขีดจำกัด (บริษัทมีพนักงานหลักสิบ)

Sheet วิธีทดสอบและเกณฑ์
A1: วิธีทดสอบและเกณฑ์ตัดสิน
A2: Performance test ระบบ SystemBOQ บนเครื่องพัฒนา (ไม่ได้ทดสอบเว็บจริงที่ deploy)
A4: สภาพแวดล้อม
A5: หัวข้อ | B5: รายละเอียด
A6: วันที่ทดสอบ | B6: 23 ตุลาคม 2569 (16:30–16:47 น.)
A7: โค้ดที่ทดสอบ | B7: commit 1be46db (สาขา feature/deploy-docker = รุ่นเดียวกับที่ deploy ขึ้น awarin.tech)
A8: เครื่องที่ทดสอบ | B8: เครื่องพัฒนา Windows 11 · Intel Core i5-14500HX (14 คอร์ / 20 เธรด) · RAM 15.7 GB
A9: API | B9: Node.js 22.19 โหมดพัฒนา (tsx watch) · 1 โปรเซส · ไม่ส่งอีเมลจริง (MAIL_TRANSPORT=silent)
A10: ฐานข้อมูล | B10: PostgreSQL 17.10 ในคอนเทนเนอร์ Docker · ข้อมูล dev: โครงการ 10 · วัสดุ 121 · หมวดงาน 163
A11: โครงการที่ใช้ทดสอบ | B11: บ้านพักอาศัย 2 ชั้น — BOQ 178 รายการ + ใบเสนอราคา 1 ใบ (ใช้สร้าง PDF)
A12: เครื่องมือ | B12: k6 v2.3.0 (grafana/k6 ในคอนเทนเนอร์ Docker) ยิงไปที่ API ผ่าน host.docker.internal:4000
A13: บัญชีที่ใช้ | B13: บัญชีพนักงานชั่วคราว (ADMIN) สร้างก่อนทดสอบและลบหลังทดสอบ · ล็อกอินครั้งเดียวแล้วทุกคนใช้ session เดียวกัน
A15: เกณฑ์ตัดสิน (แก้ตัวเลขได้ — แผ่นงานอื่นอ้างช่องเหล่านี้)
A16: เกณฑ์ | B16: ค่า
A17: เวลาตอบ p95 ของเส้นอ่านข้อมูล ไม่เกิน (ms) | B17: 800
A18: เวลาตอบ p95 ของการสร้าง PDF ไม่เกิน (ms) | B18: 15000
A19: อัตรา error ไม่เกิน | B19: 0.01
A20: ที่มาของเกณฑ์: ผู้ทดสอบกำหนดเอง (ระบบภายในบริษัท ผู้ใช้ไม่เกินหลักสิบคน) — p95 = 95% ของคำขอเร็วกว่าค่านี้
A22: รูปแบบการทดสอบ
A23: รูปแบบ | B23: รูปแบบโหลด
A24: Smoke test — ตรวจว่าทุกเส้นทำงาน | B24: พนักงาน 1 + ผู้เข้าชม 1 คน 30 วินาที
A25: Load test — ใช้งานปกติต่อเนื่อง | B25: ไต่ขึ้น 1 นาที → พนักงาน 20 + ผู้เข้าชม 20 คน (รวม 40) ค้าง 3 นาที → ลง 30 วินาที
A26: Stress test — เพิ่มผู้ใช้จนเห็นขีดจำกัด | B26: ไต่เป็นขั้นนาทีละขั้น: กลุ่มละ 25 → 50 → 100 → 150 คน (รวมสูงสุด 300) → ลง 30 วินาที
A27: Spike test — ผู้ใช้พุ่งขึ้นกะทันหัน | B27: กลุ่มละ 5 คน 30 วินาที → พุ่งเป็นกลุ่มละ 150 (รวม 300) ใน 10 วินาที ค้าง 40 วินาที → ลดกลับ 5 คน
A28: PDF test — สร้าง PDF ใบเสนอราคาพร้อมกัน | B28: สร้าง PDF ใบเสนอราคาพร้อมกัน 1 → 3 → 5 คน ระดับละ 1 นาที
A30: สิ่งที่ผู้ใช้จำลองทำ
A31: กลุ่ม | B31: ลำดับการใช้งาน
A32: ผู้เข้าชมเว็บลูกค้า | B32: ค่าตั้งเว็บ → แบบบ้านแนะนำ → รายการแบบบ้าน → รายการผลงาน → พักอ่าน 1–3 วินาที (ไม่ต้องล็อกอิน)
A33: พนักงาน | B33: ข้อมูลผู้ใช้ → แดชบอร์ด (สรุป + ท่อขาย) → แจ้งเตือน → พัก 1 วิ → รายการโครงการ → รายละเอียดโครงการ → BOQ → ใบเสนอราคา → พัก 1 วิ → คลังวัสดุ → แฟ้มลูกค้า → คำขอลูกค้า → พัก 1–3 วิ
A34: สร้าง PDF | B34: ขอ PDF ใบเสนอราคา (Chromium วาดเอกสาร) → พัก 1 วินาที
A36: ข้อจำกัด
A37: • ทดสอบบนเครื่องพัฒนา ไม่ใช่ VPS จริง (VPS = 2 vCPU / RAM 8 GB) — ใช้เทียบก่อน/หลังแก้ได้ แต่ตัวเลขไม่เท่าระบบจริง
A38: • API รันโหมดพัฒนา (tsx) ช้ากว่าไฟล์ที่ build แล้วบนระบบจริงเล็กน้อย
A39: • k6 กับระบบรันเครื่องเดียวกัน ไม่มีเวลาเดินทางของเน็ต และ k6 แย่ง CPU บางส่วน
A40: • ทดสอบเฉพาะการอ่านข้อมูล + สร้าง PDF — ไม่ได้ทดสอบการบันทึก/แก้ไข และไม่ยิงเส้นที่ส่งอีเมลหรือมีเพดานจำกัด (สมัคร ลืมรหัส ส่งคำขอติดต่อ)
A41: • ไม่ได้วัดเวลาโหลดหน้าเว็บ (HTML/JS/รูป) เพราะเครื่องพัฒนาใช้ Vite dev server ไม่ใช่ไฟล์ build จริง
A42: • Load test ยาว 4.5 นาที — สั้นเกินกว่าจะสรุปเรื่องหน่วยความจำรั่วระยะยาว

Sheet ผลรายเส้น API
A1: ผลรายเส้น API
A2: เวลาตอบเป็นมิลลิวินาที (ms) คิดจากทุกคำขอ · ผ่าน = p95 ไม่เกินเกณฑ์ และ error ไม่เกินเกณฑ์ (สูตรอ้างแผ่นงาน 'วิธีทดสอบและเกณฑ์')
A4: รูปแบบ | B4: เส้น API | C4: ทำอะไร | D4: จำนวนคำขอ | E4: ไม่สำเร็จ | F4: อัตรา error | G4: เฉลี่ย | H4: p50 | I4: p90 | J4: p95 | K4: p99 | L4: สูงสุด | M4: ผล
A5: smoke | B5: public:house-designs | C5: รายการแบบบ้าน | D5: 15 | E5: 0 | F5: =IF(D5=0,0,E5/D5) -> 0 | G5: 8.7754029 | H5: 6.562204 | I5: 19.262317 | J5: 22.307591 | K5: 22.478817 | L5: 22.521624 | M5: =IF(AND(J5<=วิธีทดสอบและเกณฑ์!$B$17,F5<=วิธีทดสอบและเกณฑ์!$B$19),"ผ่าน","ไม่ผ่าน") -> ผ่าน
A6: smoke | B6: public:house-designs-featured | C6: แบบบ้านแนะนำ (หน้าแรก) | D6: 15 | E6: 0 | F6: =IF(D6=0,0,E6/D6) -> 0 | G6: 8.5152537 | H6: 7.55828 | I6: 11.471515 | J6: 11.580856 | K6: 11.647072 | L6: 11.663626 | M6: =IF(AND(J6<=วิธีทดสอบและเกณฑ์!$B$17,F6<=วิธีทดสอบและเกณฑ์!$B$19),"ผ่าน","ไม่ผ่าน") -> ผ่าน
A7: smoke | B7: public:portfolio | C7: รายการผลงาน | D7: 15 | E7: 0 | F7: =IF(D7=0,0,E7/D7) -> 0 | G7: 6.8467152 | H7: 6.427688 | I7: 10.087871 | J7: 12.831974 | K7: 15.864248 | L7: 16.622317 | M7: =IF(AND(J7<=วิธีทดสอบและเกณฑ์!$B$17,F7<=วิธีทดสอบและเกณฑ์!$B$19),"ผ่าน","ไม่ผ่าน") -> ผ่าน
A8: smoke | B8: public:settings | C8: ค่าตั้งเว็บ (ชื่อบริษัท รูปหน้าเว็บ) | D8: 15 | E8: 0 | F8: =IF(D8=0,0,E8/D8) -> 0 | G8: 10.64135 | H8: 10.12206 | I8: 16.473717 | J8: 19.078277 | K8: 19.665491 | L8: 19.812294 | M8: =IF(AND(J8<=วิธีทดสอบและเกณฑ์!$B$17,F8<=วิธีทดสอบและเกณฑ์!$B$19),"ผ่าน","ไม่ผ่าน") -> ผ่าน
A9: smoke | B9: staff:customers | C9: แฟ้มลูกค้า | D9: 8 | E9: 0 | F9: =IF(D9=0,0,E9/D9) -> 0 | G9: 18.332007 | H9: 18.778246 | I9: 23.280957 | J9: 24.600317 | K9: 25.655804 | L9: 25.919676 | M9: =IF(AND(J9<=วิธีทดสอบและเกณฑ์!$B$17,F9<=วิธีทดสอบและเกณฑ์!$B$19),"ผ่าน","ไม่ผ่าน") -> ผ่าน
A10: smoke | B10: staff:dashboard-pipeline | C10: แดชบอร์ด — ท่อขาย | D10: 8 | E10: 0 | F10: =IF(D10=0,0,E10/D10) -> 0 | G10: 16.570459 | H10: 16.16948 | I10: 23.743366 | J10: 24.307666 | K10: 24.759105 | L10: 24.871965 | M10: =IF(AND(J10<=วิธีทดสอบและเกณฑ์!$B$17,F10<=วิธีทดสอบและเกณฑ์!$B$19),"ผ่าน","ไม่ผ่าน") -> ผ่าน
A11: smoke | B11: staff:dashboard-summary | C11: แดชบอร์ด — สรุป | D11: 8 | E11: 0 | F11: =IF(D11=0,0,E11/D11) -> 0 | G11: 18.497821 | H11: 17.071701 | I11: 28.292064 | J11: 29.595556 | K11: 30.63835 | L11: 30.899048 | M11: =IF(AND(J11<=วิธีทดสอบและเกณฑ์!$B$17,F11<=วิธีทดสอบและเกณฑ์!$B$19),"ผ่าน","ไม่ผ่าน") -> ผ่าน
A12: smoke | B12: staff:leads | C12: คำขอลูกค้า | D12: 8 | E12: 0 | F12: =IF(D12=0,0,E12/D12) -> 0 | G12: 14.769037 | H12: 15.082271 | I12: 18.297845 | J12: 19.868008 | K12: 21.124138 | L12: 21.43817 | M12: =IF(AND(J12<=วิธีทดสอบและเกณฑ์!$B$17,F12<=วิธีทดสอบและเกณฑ์!$B$19),"ผ่าน","ไม่ผ่าน") -> ผ่าน
A13: smoke | B13: staff:materials | C13: คลังวัสดุ (121 รายการ) | D13: 8 | E13: 0 | F13: =IF(D13=0,0,E13/D13) -> 0 | G13: 42.095594 | H13: 41.488008 | I13: 50.013523 | J13: 52.714861 | K13: 54.875931 | L13: 55.416198 | M13: =IF(AND(J13<=วิธีทดสอบและเกณฑ์!$B$17,F13<=วิธีทดสอบและเกณฑ์!$B$19),"ผ่าน","ไม่ผ่าน") -> ผ่าน
A14: smoke | B14: staff:me | C14: ข้อมูลผู้ใช้ที่ล็อกอิน | D14: 8 | E14: 0 | F14: =IF(D14=0,0,E14/D14) -> 0 | G14: 9.5646951 | H14: 9.7367015 | I14: 12.400725 | J14: 13.315812 | K14: 14.047882 | L14: 14.230899 | M14: =IF(AND(J14<=วิธีทดสอบและเกณฑ์!$B$17,F14<=วิธีทดสอบและเกณฑ์!$B$19),"ผ่าน","ไม่ผ่าน") -> ผ่าน
A15: smoke | B15: staff:notifications | C15: การแจ้งเตือน | D15: 8 | E15: 0 | F15: =IF(D15=0,0,E15/D15) -> 0 | G15: 10.752586 | H15: 11.191346 | I15: 15.246896 | J15: 15.80421 | K15: 16.250061 | L15: 16.361524 | M15: =IF(AND(J15<=วิธีทดสอบและเกณฑ์!$B$17,F15<=วิธีทดสอบและเกณฑ์!$B$19),"ผ่าน","ไม่ผ่าน") -> ผ่าน
A16: smoke | B16: staff:project-boq | C16: BOQ ของโครงการ (178 รายการ) | D16: 8 | E16: 0 | F16: =IF(D16=0,0,E16/D16) -> 0 | G16: 56.146 | H16: 58.027916 | I16: 73.629119 | J16: 77.443664 | K16: 80.495301 | L16: 81.25821 | M16: =IF(AND(J16<=วิธีทดสอบและเกณฑ์!$B$17,F16<=วิธีทดสอบและเกณฑ์!$B$19),"ผ่าน","ไม่ผ่าน") -> ผ่าน
... A64: spike | B64: staff:projects-list | C64: รายการโครงการ | D64: 677 | E64: 0 | F64: =IF(D64=0,0,E64/D64) -> 0 | G64: 807.37332 | H64: 1002.0918 | I64: 1144.2365 | J64: 1178.8559 | K64: 1233.0187 | L64: 1238.6705 | M64: =IF(AND(J64<=วิธีทดสอบและเกณฑ์!$B$17,F64<=วิธีทดสอบและเกณฑ์!$B$19),"ผ่าน","ไม่ผ่าน") -> ไม่ผ่าน
A65: pdf | B65: pdf:quote | C65: สร้าง PDF ใบเสนอราคา | D65: 216 | E65: 0 | F65: =IF(D65=0,0,E65/D65) -> 0 | G65: 1771.4412 | H65: 1722.8186 | I65: 2024.5717 | J65: 2155.2895 | K65: 2775.3356 | L65: 2812.7262 | M65: =IF(AND(J65<=วิธีทดสอบและเกณฑ์!$B$18,F65<=วิธีทดสอบและเกณฑ์!$B$19),"ผ่าน","ไม่ผ่าน") -> ผ่าน

Sheet ผลตามช่วงเวลา
A1: ผลตามช่วงเวลา
A2: แต่ละแถว = 15 วินาที · ผู้ใช้พร้อมกัน = รวมทุกกลุ่ม · ใช้ดูว่าเวลาตอบเปลี่ยนไปอย่างไรเมื่อผู้ใช้เพิ่มขึ้น
A4: รูปแบบ | B4: วินาทีที่ | C4: ผู้ใช้พร้อมกัน | D4: คำขอ | E4: คำขอ/วินาที | F4: p95 (ms) | G4: error
A5: load | B5: 0 | C5: 10 | D5: 213 | E5: =D5/15 -> 14.2 | F5: 57.820608 | G5: =IF(D5=0,0,0/D5) -> 0
A6: load | B6: 15 | C6: 20 | D6: 543 | E6: =D6/15 -> 36.2 | F6: 55.122363 | G6: =IF(D6=0,0,0/D6) -> 0
A7: load | B7: 30 | C7: 30 | D7: 876 | E7: =D7/15 -> 58.4 | F7: 49.962462 | G7: =IF(D7=0,0,0/D7) -> 0
A8: load | B8: 45 | C8: 40 | D8: 1185 | E8: =D8/15 -> 79 | F8: 51.919729 | G8: =IF(D8=0,0,0/D8) -> 0
A9: load | B9: 60 | C9: 40 | D9: 1389 | E9: =D9/15 -> 92.6 | F9: 52.861276 | G9: =IF(D9=0,0,0/D9) -> 0
A10: load | B10: 75 | C10: 40 | D10: 1340 | E10: =D10/15 -> 89.333333 | F10: 53.605468 | G10: =IF(D10=0,0,0/D10) -> 0
A11: load | B11: 90 | C11: 40 | D11: 1352 | E11: =D11/15 -> 90.133333 | F11: 57.904181 | G11: =IF(D11=0,0,0/D11) -> 0
A12: load | B12: 105 | C12: 40 | D12: 1365 | E12: =D12/15 -> 91 | F12: 53.186146 | G12: =IF(D12=0,0,0/D12) -> 0
A13: load | B13: 120 | C13: 40 | D13: 1367 | E13: =D13/15 -> 91.133333 | F13: 51.457705 | G13: =IF(D13=0,0,0/D13) -> 0
A14: load | B14: 135 | C14: 40 | D14: 1362 | E14: =D14/15 -> 90.8 | F14: 51.366566 | G14: =IF(D14=0,0,0/D14) -> 0
A15: load | B15: 150 | C15: 40 | D15: 1352 | E15: =D15/15 -> 90.133333 | F15: 52.65449 | G15: =IF(D15=0,0,0/D15) -> 0
A16: load | B16: 165 | C16: 40 | D16: 1343 | E16: =D16/15 -> 89.533333 | F16: 53.007396 | G16: =IF(D16=0,0,0/D16) -> 0
... A66: pdf | B66: 195 | C66: 5 | D66: 10 | E66: =D66/15 -> 0.66666667 | F66: 2296.8994 | G66: =IF(D66=0,0,0/D66) -> 0

Sheet ทรัพยากรเครื่อง
A1: ทรัพยากรเครื่องระหว่างทดสอบ
A2: เก็บทุก 5 วินาที · CPU ของ API คิดเป็น % ของทั้งเครื่อง (ทุกคอร์รวม = 100%) · ฐานข้อมูล = คอนเทนเนอร์ postgres (100% = 1 คอร์)
A4: รูปแบบ | B4: วินาทีที่ | C4: API CPU % | D4: API RAM (MB) | E4: DB CPU % | F4: DB RAM (MB)
A5: smoke | B5: 0 | C5: 0.3 | D5: 151 | E5: 3.5 | F5: 79
A6: smoke | B6: 6 | C6: 0.3 | D6: 154 | E6: 0.44 | F6: 80
A7: smoke | B7: 13 | C7: 0.3 | D7: 158 | E7: 0.89 | F7: 82
A8: smoke | B8: 19 | C8: 0.4 | D8: 162 | E8: 0.08 | F8: 82
A9: smoke | B9: 25 | C9: 0.2 | D9: 167 | E9: 2.22 | F9: 80
A11: load | B11: 0 | C11: 0.5 | D11: 170 | E11: 1.75 | F11: 83
A12: load | B12: 6 | C12: 1.3 | D12: 170 | E12: 3.44 | F12: 84
A13: load | B13: 13 | C13: 1.7 | D13: 181 | E13: 2.76 | F13: 88
A14: load | B14: 19 | C14: 2.4 | D14: 189 | E14: 8.53 | F14: 87
A15: load | B15: 25 | C15: 2.6 | D15: 192 | E15: 3.78 | F15: 89
A16: load | B16: 31 | C16: 3.2 | D16: 196 | E16: 7.17 | F16: 98
A17: load | B17: 37 | C17: 3.7 | D17: 212 | E17: 3.17 | F17: 101
... A153: pdf | B153: 194 | C153: 2.1 | D153: 300 | E153: 1.94 | F153: 168

Sheet ข้อสังเกต
A1: ข้อสังเกตและข้อเสนอแนะ
A2: อ่านจากผลในแผ่นงานอื่น · ความรุนแรง: สูง = ควรแก้ก่อนผู้ใช้เพิ่ม · กลาง = ควรแก้ · ต่ำ = ทราบไว้
A4: # | B4: หัวข้อ | C4: สิ่งที่พบ (ตัวเลขจากผลทดสอบ) | D4: สาเหตุที่น่าจะเป็น | E4: ข้อเสนอแนะ | F4: ความรุนแรง
A5: 1 | B5: การใช้งานปกติ | C5: Load test 40 คนพร้อมกัน 4.5 นาที: 20,374 คำขอ · 74.6 คำขอ/วินาที · error 0% · p95 53 ms · ช้าสุด 208 ms · เส้นที่ช้าสุดคือรายละเอียดโครงการ p95 74 ms | D5: ภาระต่ำกว่าความสามารถของเครื่องมาก (API ใช้ CPU สูงสุด 5.8% ของเครื่อง) | E5: ไม่ต้องแก้ — ใช้เป็นตัวเลขอ้างอิงเทียบหลังแก้โค้ดรอบถัดไป | F5: ต่ำ
A6: 2 | B6: ขีดจำกัดของ API (1 โปรเซส) | C6: Stress: คำขอ/วินาทีขึ้นไปค้างที่ ~246 ตั้งแต่ 150 คนขึ้นไป เพิ่มคนอีกก็ไม่เพิ่ม · p95 ไต่จาก 41 ms (50 คน) → 319 ms (100) → 1,052 ms (250) → 1,523 ms (300) · error 0% | D6: Node ประมวลผล JavaScript บนเธรดเดียว — งานแปลงข้อมูลเป็น JSON ของเส้นที่ตอบก้อนใหญ่ต่อคิวกัน · CPU ของ API สูงสุด 13% ของเครื่อง (≈ 2.6 เธรด) ขณะฐานข้อมูลใช้ ≤ 24% ของคอร์เดียว | E6: ถ้าวันหนึ่งผู้ใช้พร้อมกันเกินร้อยคน: รัน API 2 ตัวหลัง nginx (โค้ดรองรับหลายตัวอยู่แล้ว — rate limit ใน DB + งานรายวันจองรอบ) · ตอนนี้ยังไม่จำเป็น | F6: ต่ำ
A7: 3 | B7: เส้นที่ตอบข้อมูลก้อนใหญ่ | C7: ช่วง 300 คน: BOQ ของโครงการ p95 2,052 ms · รายละเอียดโครงการ 1,774 ms (ขนาด ~51–53 KB ต่อครั้ง) ช้ากว่าเส้นเล็ก ~2 เท่า · คลังวัสดุ (69 KB) 916 ms | D7: ขนาดคำตอบใหญ่ + ไม่บีบอัด: ทั้ง Express และ nginx (deploy/nginx.conf) ยังไม่เปิด gzip ให้ JSON | E7: เปิด gzip ที่ nginx บน VPS สำหรับ application/json (วัดจริงด้วย gzip ระดับ 6: BOQ 50.9→7.9 KB · รายละเอียดโครงการ 53.1→8.5 KB · คลังวัสดุ 68.5→8.4 KB = ลด 84–87% โดยไม่แตะโค้ด) · ระยะยาว: เส้นรายละเอียดโครงการไม่ต้องส่ง BOQ ทั้งก้อนซ้ำกับเส้น /boq | F7: กลาง
A8: 4 | B8: ผู้ใช้พุ่งกะทันหัน | C8: Spike 10 → 300 คนใน 10 วินาที: p95 ช่วงพีค 1,513–1,654 ms · error 0% · พอลดเหลือ 10 คน p95 กลับมา 49 ms ทันที | D8: คำขอเข้าคิวรอแทนที่จะถูกปฏิเสธ และไม่มีอะไรค้างหลังโหลดลด | E8: ไม่ต้องแก้ — ระบบฟื้นตัวเอง | F8: ต่ำ
A9: 5 | B9: สร้าง PDF ใบเสนอราคา | C9: 1 คน: เฉลี่ย 2,151 ms · 3 คน: 1,673 ms · 5 คน: 1,768 ms (p95 2,059 ms) · 217 ใบ error 0% · ใบแรกหลังเปิดเซิร์ฟเวอร์ 12,325 ms (วัดด้วย curl ก่อนเริ่ม k6) · Chromium ใช้ RAM ~460 MB | D9: ใบแรกต้องเปิด Chromium ใหม่ (ครั้งต่อไปใช้ตัวเดิม) · หลายคนพร้อมกันไม่ช้าลงเพราะ Chromium วาดได้หลายหน้าขนานกัน | E9: อุ่นเครื่อง Chromium ตอนเปิดเซิร์ฟเวอร์ (คนแรกของวันไม่ต้องรอ 12 วิ) · บน VPS 8 GB เหลือ RAM พอ | F9: ต่ำ
A10: 6 | B10: หน่วยความจำ | C10: API 346–373 MB · ฐานข้อมูล 115–175 MB ตลอดทุกรูปแบบ ไม่เพิ่มขึ้นต่อเนื่อง | D10: - | E10: ใช้ได้กับ VPS 8 GB สบาย · ถ้าจะตอบเรื่องหน่วยความจำรั่วให้แน่ ต้องทดสอบยาวหลายชั่วโมง (soak test) | F10: ต่ำ
